word,count
Learning,256
Neural Network,103
Deep,89
Model,88
Network,88
Graph,81
via,77
based,64
Reinforcement Learning,61
Algorithm,53
Efficient,53
Optimization,51
Data,50
using,47
Representation,46
Image,40
Adaptive,37
Method,37
Stochastic,37
Robust,35
Estimation,34
Online,34
Optimal,34
Time,34
Dynamic,33
Analysis,32
Bayesian,32
Multi,32
Training,32
Sparse,30
Fast,28
Modeling,28
Classification,26
Distribution,26
Kernel,26
Linear,26
Regression,26
Bandit,25
Framework,25
Gradient,24
Prediction,24
Structure,24
Variational,24
Deep Neural,22
Embedding,22
Function,22
Inference,22
Unsupervised,22
Generalization,21
Sampling,21
Task,21
Adversarial,20
Game,20
Sample,20
Toward,20
Continuous,19
Non,19
Approach,18
Clustering,18
Conditional,18
GAN,18
Generation,18
Policy,18
Random,18
Search,18
Visual,18
Attention,17
Causal,17
Control,17
Distributed,17
Feature,17
Generative Model,17
Uncertainty,17
Flow,16
Generative,16
Local,16
Problem,16
Self,16
Space,16
Beyond,15
End,15
Gradient Descent,15
Hierarchical,15
Information,15
Latent,15
Memory,15
Object,15
Prior,15
Scalable,15
3D,14
Approximate,14
Fairness,14
High,14
High Dimensional,14
Label,14
Low Rank,14
Noise,14
Regularization,14
Robustness,14
SGD,14
Sequence,14
Aware,13
Feedback,13
Generalized,13
Layer,13
Loss,13
Meta,13
Net,13
One,13
Optimal Transport,13
Reward,13
Tree,13
Understanding,13
Video,13
Active,12
Application,12
Approximation,12
Bias,12
Consistent,12
Constraint,12
Metric,12
Rate,12
Recurrent Neural,12
State,12
Supervised Learning,12
Accurate,11
Adversarial Robustness,11
Autoencoder,11
Convergence,11
Domain,11
Error,11
Exploration,11
Gaussian Processes,11
Guarantees,11
Low,11
Machine Learning,11
Mean,11
Meta Learning,11
Multi Agent,11
Reasoning,11
Semantic,11
Semi Supervised,11
Set,11
Single,11
System,11
Time Series,11
Two,11
brain,11
Bound,10
CNN,10
Classifier,10
Cross,10
Differentiable,10
Differentially Private,10
Exact,10
Implicit,10
Language,10
Matching,10
Neural,10
New,10
Objective,10
Perspective,10
Planning,10
Point,10
Processes,10
Recognition,10
Risk,10
Shot,10
Stochastic Gradient,10
Synthesis,10
Temporal,10
Batch,9
Constrained,9
Cost,9
Detection,9
Empirical,9
Free,9
Functional,9
Generative Adversarial,9
Identification,9
Improved,9
Inverse,9
Learn,9
Machine,9
Manifold,9
Monte Carlo,9
Noisy,9
Normalization,9
Order,9
Point Processes,9
Private,9
Provably,9
Recurrent,9
Regret,9
Regularized,9
Sample Complexity,9
Sequential,9
Statistical,9
Structured,9
Subspace,9
Text,9
Tight,9
Transfer,9
Transfer Learning,9
Unified,9
Variational Inference,9
Zero,9
step,9
Architecture,8
Architecture Search,8
Armed Bandit,8
Bayesian Optimization,8
Block,8
Co,8
Code,8
Continual Learning,8
Convex,8
Convolutional Neural,8
Correlated,8
Dataset,8
Differential Privacy,8
Discovery,8
Discrete,8
Energy,8
Explanations,8
Gaussian,8
General,8
Global,8
Human,8
Improving,8
Knowledge,8
Large,8
Large scale,8
Matrix,8
Non Convex,8
Policy Optimization,8
Probabilistic,8
Proximal,8
ReLU,8
Scene,8
Segmentation,8
Self Supervised,8
Similarity,8
Smooth,8
Solving,8
Tensor,8
Testing,8
Theory,8
Value,8
View,8
Wasserstein,8
scale,8
without,8
Adversarial Training,7
Case,7
Combinatorial,7
Compression,7
Confidence,7
Convergence Rate,7
Convergent,7
Convolution,7
Convolutional Network,7
Correlation,7
Dependent,7
Design,7
Distance,7
Efficiently,7
Gradient Method,7
Guided,7
Importance,7
Likelihood,7
Measure,7
Multi Armed,7
Multiple,7
Multivariate,7
Object Detection,7
Partial,7
Performance,7
Polynomial,7
Power,7
Practical,7
Process,7
Projection,7
Quantization,7
Ranking,7
Reconstruction,7
Regret Bounds,7
Structured Prediction,7
Sum,7
Theoretic,7
Transformer,7
Universal,7
Variance Reduction,7
Word,7
saddle point,7
Accelerated,6
Accuracy,6
Aggregation,6
Agnostic,6
Algorithmic,6
Augmented,6
Average,6
Benchmark,6
Better,6
Calibration,6
Communication Efficient,6
Comparison,6
Complexity,6
Compositional,6
Contextual Bandits,6
Convex Optimization,6
Descent,6
Dimension,6
Disentangled Representation,6
Entropy,6
Environment,6
Evaluation,6
First Order,6
Generalization Bounds,6
Generating,6
Geometry,6
Group,6
Imitation Learning,6
Improve,6
Input,6
Learner,6
Linear Regression,6
Lower Bound,6
Markov,6
Mixture,6
Momentum,6
Nearest Neighbor,6
Node,6
Norm,6
Outlier,6
Output,6
Parallel,6
Parameterized,6
Perturbations,6
Policy Evaluation,6
Preserving,6
Product,6
Program,6
Q,6
Quadratic,6
Randomized,6
Region,6
Resolution,6
Selection,6
Semantic Segmentation,6
Sketching,6
Spatial,6
State Space,6
Test,6
Transformation,6
Variance,6
Weight,6
Weighted,6
Zero Shot,6
estimator,6
natural language,6
AI,5
Accelerating,5
Acceleration,5
Across,5
Adaptation,5
Adversarial Examples,5
Agent Reinforcement,5
Auctions,5
Augmentation,5
Auxiliary,5
Black box,5
Blind,5
Communication,5
Composite,5
Computation,5
Context,5
Contextual,5
Copula,5
Decentralized,5
Decision,5
Decision Making,5
Decoding,5
Decomposition,5
Denoising,5
Depth,5
Dimensionality Reduction,5
Distributionally Robust,5
Effect,5
Ensemble,5
Equivalence,5
Estimating,5
Evaluating,5
Fair,5
Filter,5
Function Approximation,5
Geometric,5
Globally,5
Heterogeneous,5
Hyperparameter,5
Incremental,5
Interpretable,5
Inverse Reinforcement,5
Iterative,5
Joint,5
Least Squares,5
Level,5
Limit,5
Linear Quadratic,5
Log Concave,5
Logistic,5
Map,5
Mapping,5
Markov Chain,5
Matrix Factorization,5
Maximization,5
Maximum,5
Measuring,5
Mechanism,5
Minimization,5
Modal,5
Natural,5
Near Optimal,5
Nonlinear,5
Nonparametric,5
Novel,5
Parameter,5
Predict,5
Principal Component,5
Privacy,5
Provable,5
Real,5
Regret Minimization,5
Residual,5
Resource,5
Rethinking,5
Shift,5
Source,5
Specific,5
Spectral,5
Stein,5
Structural,5
Switching,5
Teaching,5
Theoretical,5
Thompson Sampling,5
Train,5
Trained,5
Translation,5
Unknown,5
VAE,5
Vanishing,5
Variable,5
Variance Reduced,5
Vision,5
Wide,5
channel,5
motion,5
step size,5
Abstraction,4
Actor Critic,4
Adversarial Attacks,4
Aggregated,4
Allocation,4
Asymmetric,4
Attack,4
Attribution,4
Auto Encoder,4
Averaging,4
Back,4
Bayes,4
Biases,4
Boosting,4
Bottleneck,4
Cluster,4
Completion,4
Concept,4
Connections,4
Connectivity,4
Convolutional,4
Cooperative,4
Covariate,4
Defense,4
Dependence,4
Discrepancy,4
Discriminative,4
Disentanglement,4
Distributional,4
Divergence,4
Diverse,4
Dynamical,4
Effective,4
Episodic,4
Expected,4
Expert,4
Explicit,4
Factor,4
Faster,4
Finite,4
Flexible,4
Forecasting,4
Forest,4
Fully,4
Gap,4
Global Convergence,4
Goal,4
Graphical Models,4
Greedy,4
Hindsight,4
Implicit Regularization,4
Independence,4
Individual,4
Inductive,4
Interactive,4
Interface,4
Invertible,4
Iteration,4
Landmark,4
Latent Variables,4
Learned,4
Localization,4
Locally,4
Logic,4
MDP,4
Margin,4
Markov Decision,4
Matter,4
Max,4
Minima,4
Minimax,4
Mirror,4
Mixed,4
Modulation,4
Multimodal,4
Nearly,4
Newton,4
Non Asymptotic,4
ODE,4
Operators,4
Optimistic,4
Oracle,4
PCA,4
Point Cloud,4
Policies,4
Population,4
Pricing,4
Primal Dual,4
Pruning,4
Quantized,4
Quantum,4
Queries,4
Rank Approximation,4
Ratio,4
Recursive,4
Registration,4
Relational,4
ResNet,4
Retrieval,4
Safe,4
Score,4
Semi,4
Separation,4
Shallow,4
Simple,4
Sliced,4
Smoothed,4
Soft,4
Square,4
Stability,4
Subset Selection,4
Symmetric,4
Temporal Difference,4
Tradeoff,4
Transition,4
Update,4
Vector,4
Wasserstein Distance,4
Weighting,4
bit,4
cell,4
conditioned,4
determinantal point,4
modular,4
multi class,4
supervision,4
wise,4
Accelerate,3
Action,3
Activation,3
Addressing,3
Aggregate,3
Amortized,3
Anchor,3
Anomaly Detection,3
Approximating,3
Arbitrary,3
Assessing,3
Autoregressive,3
Backpropagation,3
Balanced,3
Barycenter,3
Behavior,3
Belief,3
Best,3
Big,3
Bipartite,3
Bounded,3
Breaking,3
Capsule,3
Chain Monte,3
Change,3
Characterization,3
Circuit,3
Coding,3
Combining,3
Community Detection,3
Compact,3
Complex,3
Component,3
Computational,3
Computer,3
Controllable,3
Coordinate,3
Coresets,3
Correspondence,3
Coupled,3
Covariance,3
Cycle,3
Decay,3
Dense,3
Density Estimation,3
Detecting,3
Device,3
Differential Equations,3
Diffusion,3
Direct,3
Distortion,3
Dual,3
Emergent Communication,3
Equilibrium,3
Equivariant,3
Escaping,3
Event,3
Experience Replay,3
Exponential,3
Extensive Form,3
Family,3
Fidelity,3
Field,3
Fine grained,3
Fisher,3
Fixing,3
Forward,3
Fourier,3
Frank Wolfe,3
Frequencies,3
Full,3
Fusion,3
Generator,3
Hamiltonian,3
Hashing,3
High Quality,3
Human Pose,3
Hyperbolic,3
Hypothesis,3
Identifiability,3
Image Captioning,3
Imaging,3
Incomplete,3
Independent,3
Induced,3
Inferring,3
Influence,3
Initialization,3
Instruction,3
Instrumental,3
Interaction,3
Interpolation,3
Intrinsic,3
Invariant,3
Landscape,3
Langevin,3
Lasso,3
Limitations,3
Line,3
Lipschitz,3
Little,3
Long,3
Losses,3
Making,3
Match,3
Mean Field,3
Min,3
Modelling,3
Molecules,3
Multiclass,3
Mutual Information,3
Near,3
Necessary,3
Nonconvex,3
Number,3
Optimality,3
Option,3
PAC Bayes,3
Pairwise,3
Per,3
Perceptual,3
Physics,3
Poincaré,3
Positive,3
Posterior,3
Precision,3
Predictive,3
Preference,3
Pretraining,3
Principle,3
Probability,3
Protein,3
Pure Exploration,3
Pursuit,3
Quantile,3
RNN,3
Re,3
Recommendation,3
Recovery,3
Reducing,3
Reduction,3
Regularizing,3
Relaxation,3
Reliable,3
Repeated,3
Routing,3
Saliency,3
Selecting,3
Selective,3
Semi Parametric,3
Series Forecasting,3
Shape,3
Simulation,3
Sinkhorn,3
Social,3
Softmax,3
Sparsification,3
Stable,3
Stationary,3
Study,3
Submodular Function,3
Successor,3
Summarization,3
Surrogate,3
Topic,3
Trade,3
Trajectory,3
Transferability,3
Transform,3
Transport,3
Treatment Effects,3
Trust Region,3
Type,3
Unconstrained,3
Unlabeled,3
Upper,3
Verification,3
Visualizing,3
Well,3
World,3
Worst Case,3
capacity,3
class,3
driven,3
ell_1,3
enable,3
encoding,3
inspired,3
language processing,3
n,3
reveal,3
use,3
Abstract,2
Acquisition,2
Additive,2
Aligned,2
Alignment,2
Alleviating,2
Alternating,2
Alternating Direction,2
Ambiguity,2
Arm,2
Assignment,2
Asymptotic,2
Asynchronous,2
Attentive,2
Attribute,2
Auto,2
Automatic,2
Backprop,2
Bad,2
Balancing,2
Barrier,2
Baseline,2
Bat,2
Bellman,2
Bethe,2
Binary,2
Blame,2
Bootstrapping,2
Bounding,2
Box,2
Bregman,2
Bridging,2
Bug,2
Building,2
Buyer,2
Category,2
Ceiling,2
Censored,2
Certificates,2
Characterizing,2
Coarse,2
Collaborative,2
Column Subset,2
Commonsense,2
Community,2
Comparing,2
Composable,2
Composition,2
Compressed,2
Computing,2
Concave,2
Concentration,2
Conformal,2
Consistency,2
Constant,2
Converges,2
Correct,2
Correction,2
Cortex,2
Covering,2
Critical,2
Curriculum,2
D,2
Debiased,2
Decoder,2
Decomposable,2
Defending,2
Deformable,2
Delayed,2
Delays,2
Dependencies,2
Descriptor,2
Deterministic,2
Diffeomorphic,2
Different,2
Differential,2
Dilated,2
Dimensional,2
Discretization,2
Discriminator,2
Disentangling,2
Disparate Impact,2
Double,2
E,2
EEG,2
Edge,2
Editing,2
Elliptical,2
Emergence,2
Encrypted,2
Equilibria,2
Erdos Renyi,2
Estimates,2
Expectation,2
Experimental,2
Experiments,2
Explaining,2
Exploiting,2
Exploring,2
Expressive,2
Extreme,2
Face,2
Facial,2
Facility Location,2
Factorization,2
Filtering,2
Finding,2
First,2
Fitting,2
Flat,2
Following,2
Formulation,2
G,2
GNN,2
Generalize,2
Generate,2
Generic,2
Gibbs,2
Going,2
Grid,2
Gromov,2
Grounded,2
Growing,2
Halfspaces,2
Hard Thresholding,2
Hardware,2
Heavy tailed,2
Hessian,2
Heuristic,2
Hierarchy,2
Hybrid,2
Incentive,2
Index,2
Inequalities,2
Inherent,2
Insights,2
Instance,2
Integrating,2
Interpretation,2
Interventions,2
Intrinsically,2
Invariance,2
Invert,2
Isometry,2
Jump,2
Kernelized,2
Keypoint,2
LBI,2
Labeled,2
Laplacian,2
Lazy,2
Least,2
Lifelong,2
Light,2
Linearly,2
Locality,2
Log,2
Logarithmic,2
Lookahead,2
MCMC,2
Manipulation,2
Many,2
Markovian,2
Masked,2
Maximal,2
Mechanistic,2
Meets,2
Message,2
Minibatching,2
Minimal,2
Minimizing,2
Mining,2
Mitigate,2
Mixup,2
Mo',2
Molecular,2
Multiagent,2
Multilayer,2
Multipliers,2
Music,2
Negative,2
Neighbor,2
Nonstationary,2
Nonstochastic,2
O,2
Oblivious,2
Observation,2
Offline,2
Open,2
Optima,2
Optimize,2
Optimizer,2
Optimizing,2
Overfitting,2
Overparameterized,2
PAC,2
Pair,2
Parametric,2
Partially Observable,2
Partitioning,2
Path,2
Pay,2
Payoffs,2
Perception,2
Permutation,2
Person,2
Personalized,2
PerspectiveNet,2
Pipeline,2
Plan,2
Player,2
Poisoning,2
Poisson,2
Pooling,2
Portfolio,2
Positional,2
Powerful,2
Pre,2
Programming,2
Projected,2
Proof,2
Propagate,2
Propagation,2
Properties,2
Property,2
Protection,2
Prototype,2
Pseudo,2
Quadrature,2
Question Answering,2
RGB,2
Range,2
Rapid,2
Really,2
Recall,2
Reconciling,2
Regressive,2
Regulator,2
Relation,2
Replay,2
Return,2
Reverse,2
Review,2
Revisited,2
Riemannian,2
Role,2
Root,2
Rule,2
SVRG,2
Salient,2
Sampled,2
Scattering,2
Scheduling,2
Scratch,2
Sensitive,2
Sensitivity,2
Sensor,2
Sentence,2
Shared,2
Short,2
Simultaneous,2
Size,2
Slice,2
Smoothing,2
Solutions,2
Sparsity,2
Speech,2
Speed,2
Spike,2
Spline,2
Splitting,2
Streaming,2
Style,2
Sublinear,2
Sufficient,2
Surface,2
Symbolic,2
Symmetry,2
Tabular,2
Tail,2
Tangent,2
Textual,2
Think,2
Topology,2
Total Variation,2
Tracking,2
Tractable,2
Transductive,2
Transferable,2
Transformed,2
Trust,2
Uncertainties,2
Uniform,2
Unit,2
Universality,2
User,2
VCR,2
Voxel,2
Wind,2
Wishart,2
almost,2
attractor,2
audio,2
biased,2
boosted,2
content,2
correcting,2
counterfactual,2
degenerate,2
directed acyclic,2
epsilon,2
evidence,2
expansion,2
f Divergences,2
fMRI,2
help,2
hidden,2
inducing,2
initialize,2
lens,2
lightly,2
lottery ticket,2
marginal,2
measurements,2
neurally plausible,2
optical,2
particle,2
pattern,2
probabilities,2
required,2
requires,2
response,2
scaling,2
spiked,2
spiking,2
student,2
suffices,2
unifying,2
utility,2
voice,2
ways,2
50M,1
ADDIS,1
ADMM,1
AGEM,1
ANNs,1
ANODEV2,1
Abductive,1
Absolute,1
Abstain,1
Access,1
Accuracies,1
Acoustic,1
Act,1
Activated,1
Activity,1
Actor,1
AdaGrad,1
AdaMM,1
Adapting,1
Adaption,1
Adaptively,1
Advantage,1
Adversarially,1
Adversary,1
Advice,1
Affect,1
Afraid,1
Agreement,1
Ahead,1
Aligning,1
Alone,1
Alternative,1
Amazon,1
Amplification,1
Anderson,1
Animation,1
Anonymized,1
Another,1
Answers,1
Anti,1
Anytime,1
Appearance,1
Applied,1
Approaches,1
Arbicon,1
Archetypal,1
Areal,1
Artificial,1
Ascent,1
Ask,1
Assembling,1
Assess,1
Assets,1
Assumption,1
Atari,1
Attains,1
AttentionXML,1
Attenuation,1
Attributed,1
AutoAssist,1
AutoAugment,1
AutoPrune,1
Automata,1
Automate,1
Auxilary,1
BERT,1
BIVA,1
Backbone,1
Backdoors,1
Backward,1
Bag,1
Bagging,1
Balance,1
Ball,1
Band,1
BatchBALD,1
Batched,1
Beating,1
BehaveNet,1
Benchmarking,1
Bernoulli,1
Bernstein,1
Besov,1
Bi,1
BiGAT,1
Bicycle,1
Bilinear,1
Billion,1
Bin,1
Binarized,1
Binocular,1
Bio,1
Blackbox,1
Blended,1
Blocking,1
Blockwise,1
Blow,1
Bonus,1
Boolean,1
Boxes,1
Break,1
Broad,1
Budgeted,1
Buffer,1
CCA,1
COOS,1
CPM,1
CSC,1
CXPlain,1
Calculating,1
Camera,1
Canonical,1
Caps,1
Capturing,1
Cartesian,1
Cascade,1
Cascaded,1
Cascading,1
Catastrophic,1
Categorized,1
Causality,1
Certainty,1
Certifiable,1
Certification,1
Certified,1
Certifying,1
Changing,1
Character,1
Characteristic,1
Chasing,1
Cheap,1
Checking,1
Chemical,1
Chinese,1
Chirality,1
Choices,1
Circumventing,1
Clairvoyant,1
Classical,1
Cleansing,1
Cloth,1
Cloud,1
Coarsening,1
Coda,1
Cognition,1
Cold,1
Collapse,1
Collective,1
Collisions,1
Common,1
Compacting,1
Competence,1
Competing,1
Competitive,1
Compiler,1
Comprehensive,1
Compressive,1
Conceptual,1
CondConv,1
Condition,1
Conditionally,1
Configuration,1
Conformalized,1
Conformity,1
Confounders,1
Confounding,1
Confuse,1
Confusion,1
Conic,1
Connective,1
Connectomes,1
Consensus,1
Construction,1
Contextualized,1
Continual,1
Continuation,1
Contractive,1
Contradictions,1
Contrasting,1
Controller,1
Controlling,1
Convexity,1
Coordinated,1
Coordination,1
Cormorant,1
Correctness,1
Correlate,1
Count,1
Counteract,1
Counterexamples,1
Counting,1
Couple,1
Couplings,1
Covariant,1
Coverage,1
Cox,1
Create,1
Credit,1
Criteria,1
Criterion,1
Critique,1
Crowdsourced,1
Crowdsourcing,1
Curricula,1
Curvature,1
Curved,1
Curves,1
Curvilinear,1
Cut,1
Cutsets,1
Cyclic,1
DAC,1
DETOX,1
DFNets,1
DINGO,1
DISN,1
DM2C,1
DPPs,1
DRUM,1
DTWNet,1
Dance,1
Dancing,1
Databases,1
Date,1
De,1
Decaying,1
Decentralised,1
Deception,1
Decompiler,1
Deconstructing,1
Deconvolution,1
Decorator,1
Decoupled,1
DeepUSPS,1
DeepWave,1
Deeper,1
Defeat,1
Defender,1
Degree,1
Deletion,1
Deliberative,1
Delving,1
Demand,1
Demixing,1
Demodulation,1
Demystifying,1
Densification,1
Densities,1
Dependency,1
Depthwise,1
Derivatives,1
Derived,1
Description,1
DetNAS,1
Detector,1
Detours,1
Devign,1
DiCE,1
Diagnosing,1
Diagnosis,1
Diagonal,1
Diagram,1
Dialog,1
Dichotomize,1
Dictionary,1
Digits,1
Diminishing,1
Diplomacy,1
Directional,1
Dirichlet,1
Disagreement,1
Discount,1
Discounted,1
Discovering,1
Discrimination,1
Disease,1
Disentangled,1
DiskANN,1
Distinguishable,1
Distinguishing,1
Distracting,1
Diversified,1
Diversity,1
Divide,1
Document,1
Dogs,1
Domes,1
Doubly,1
Downstream,1
DppNet,1
Drill,1
Drones,1
DualDICE,1
Duality,1
Dying,1
E2,1
ELBO,1
EM,1
ETNet,1
EXP3,1
Early,1
Ease,1
Echo,1
Echoes,1
Effectiveness,1
Efficiency,1
Ego,1
Egocentric,1
Eigendecomposition,1
Element,1
Elicitation,1
Eliciting,1
Emergency,1
Empirically,1
Empowerment,1
Enabling,1
Encryption,1
Enhancing,1
Enough,1
Entangled,1
Entrywise,1
Envy,1
Equal,1
Equation,1
Equipping,1
Equitable,1
Equivariance,1
Ergodic,1
Evolve,1
Exchange,1
Excitation,1
Execute,1
Exist,1
Exit,1
Explicitly,1
Exploit,1
Explore,1
Exponentially,1
Expressiveness,1
Extended,1
Extending,1
Extracellular,1
Extraction,1
Extragradient,1
Extrapolation,1
Extremal,1
FDR,1
Failing,1
Failure,1
Fairest,1
Fake,1
False,1
Families,1
Fantasy,1
FastSpeech,1
Feedforward,1
Fenchel,1
Feynman,1
FiLM,1
Financial,1
Fine,1
Fit,1
Fixed,1
Flattening,1
Floating,1
Fly,1
Focused,1
Foe,1
Fooling,1
Forget,1
Forgetful,1
Forgetting,1
Form,1
Formalism,1
Formulas,1
Foundations,1
FreeAnchor,1
Frequency,1
Friend,1
Friendly,1
Fundamental,1
Furious,1
Fusing,1
Futures,1
G2SAT,1
GENO,1
GIFT,1
GMMs,1
GNNExplainer,1
GOLD,1
GOT,1
GPU,1
GPipe,1
GRU,1
Gamblers,1
Gameplay,1
Gamma,1
Gate,1
Gating,1
Generalisation,1
Generalizable,1
Generated,1
Generically,1
Geo,1
Geodesically,1
Geometrically,1
Geometries,1
Ghosts,1
Giant,1
Glass,1
Glyce,1
Glyph,1
Good,1
Goodness,1
Googol,1
Gossip,1
Gram,1
Grassmannian,1
Ground,1
Grounding,1
Guaranteed,1
Guiding,1
HFP8,1
HMC,1
HYPE,1
Hallucinatory,1
Halving,1
Handling,1
Hard,1
Hardness,1
Hastings,1
Hawkes,1
Haystack,1
Heads,1
Heavy,1
Hebbian,1
Hedging,1
Helpful,1
Highly,1
Hilbert,1
Histograms,1
Hitting,1
Holistic,1
Homogeneous,1
Homophilic,1
Homotopy,1
Hopfield,1
Horizon,1
Huber,1
Hyper,1
HyperGCN,1
Hypergraphs,1
Hyperspherical,1
ICA,1
IPM,1
IRLS,1
Icebreaker,1
Identifying,1
Idioms,1
Ill,1
Imagine,1
Imbalanced,1
Imitation,1
Impact,1
Imperative,1
Implements,1
Implicitly,1
Implies,1
Improvement,1
Imputation,1
Increasing,1
Incrementally,1
Independently,1
Indispensable,1
Individualized,1
Indoor,1
Ineffectiveness,1
Inequality,1
Inertial,1
Inexact,1
Infer,1
Inferred,1
Infinitely,1
Informativeness,1
Infra,1
Initial,1
Initializing,1
Injection,1
Inlier,1
Inner,1
Innovation,1
Instruments,1
Integer,1
Intensity,1
Interfered,1
Interior,1
Interlaced,1
Internal,1
Interplay,1
Interpretability,1
Interpreting,1
Intersectional,1
Interval,1
Interventional,1
Interviewing,1
Intractable,1
Intuitive,1
Inversions,1
Inverting,1
Involves,1
IoT,1
Irreducible,1
Irregularly,1
Isolated,1
Isoperimetry,1
Isotonic,1
Iterates,1
JL,1
KL,1
KNG,1
Kac,1
Kalman,1
Keeping,1
KerGM,1
Keyboard,1
Keys,1
Kronecker,1
Kutta,1
L,1
LCA,1
LDA,1
LIIR,1
LPs,1
LSTM,1
L_DMI,1
L_p,1
Labelings,1
Lag,1
Lagrangian,1
Law,1
Layerwise,1
Layout,1
Lazily,1
Leader,1
Leakage,1
Learnable,1
Legendre,1
Lehman,1
Length,1
Less,1
Levenshtein,1
Leveraging,1
Library,1
Limited,1
Limiting,1
Linearization,1
List,1
LiteEval,1
Loaded,1
Localized,1
Location,1
Logical,1
Logit,1
Looking,1
Looks,1
Loop,1
Looped,1
Lossless,1
Lost,1
Loudly,1
Lower,1
Luce,1
Lyapunov,1
M,1
MAVEN,1
MCP,1
MDI,1
MEG,1
MMAB,1
MNIST,1
MRFs,1
MRI,1
MaCow,1
Macroscopic,1
Mall,1
Manipulating,1
MarginGAN,1
Marginalized,1
Markets,1
Massart,1
Massively,1
MaxGap,1
Maximizing,1
McDiarmid,1
Mechanical,1
Medical,1
Medoid,1
MelGAN,1
MetaInit,1
MetaQuant,1
Metaconcept,1
Metalearned,1
Metamers,1
Metamodels,1
Metropolis,1
Microcontrollers,1
Midpoint,1
Million,1
Mini,1
Minibatch,1
Minimizers,1
Minimum,1
MintNet,1
Missing,1
Missingness,1
Misspecification,1
MixMatch,1
Mixing,1
Mixtape,1
Mobile,1
Mode,1
Modification,1
Modularity,1
Module,1
Moments,1
Monitoring,1
MonoForest,1
Monocular,1
Monotonic,1
Monotonicity,1
Morphologies,1
Motivated,1
Mouse,1
Multiarmed,1
Multichannel,1
Multilabel,1
Multilinear,1
Multinomial,1
Multiplayer,1
Multiplicative,1
Multiresolution,1
Multisensory,1
Multistage,1
Multiview,1
Multiway,1
Mutually,1
Myopic,1
Möbius,1
NAOMI,1
NAT,1
Nash,1
Needle,1
Neighboring,1
Networked,1
NeurVPS,1
Neuron,1
Neuropathic,1
Nonasymptotic,1
Nonsymmetric,1
Nonzero,1
Normalizing,1
Normative,1
Notion,1
Novelty,1
Nuclear,1
Numerically,1
Nyström,1
ODE2VAE,1
ObjectNet,1
Observable,1
Observational,1
Observed,1
Obtaining,1
Old,1
Operating,1
Opportunistic,1
Opportunity,1
Ordered,1
Ordinal,1
Ordinary,1
Ouroboros,1
Outcomes,1
Overcomplete,1
Overlapping,1
Overparametrized,1
Overuse,1
Ownership,1
PC,1
PHATE,1
PHYRE,1
PIDForest,1
POMDP,1
PRNet,1
PageRank,1
Pain,1
Painless,1
Paradoxes,1
Parallelism,1
Paraphrase,1
Pareto,1
Park,1
Parsing,1
Partially,1
Partitions,1
Party,1
Passing,1
Passports,1
PasteGAN,1
Pathological,1
Patience,1
Peer,1
Penalizing,1
Penalties,1
Penetrate,1
Perceiving,1
Perform,1
Performing,1
Periodic,1
Permanent,1
Persistent,1
Personal,1
Personalizing,1
Perturbed,1
Phase,1
Phasing,1
Phenomena,1
Phenomenon,1
Physical,1
Picking,1
Piecewise,1
Place,1
Placement,1
Plackett,1
Plateau,1
Platform,1
Play,1
PointDAN,1
Pointwise,1
Polarized,1
Politics,1
Polygonal,1
Polyhedral,1
Polytopes,1
Polytree,1
Pool,1
Pose,1
Post,1
Posted,1
Potential,1
PowerSGD,1
Powered,1
Powerset,1
Predicting,1
Presence,1
Press,1
Pressure,1
Preventing,1
Price,1
Primate,1
Priority,1
Probabilistically,1
Procedure,1
Processors,1
Procrastinating,1
Profile,1
Programmatic,1
Progression,1
Progressive,1
Promising,1
Prop,1
Propagating,1
Proper,1
Proportions,1
Proposal,1
Prox,1
Pseudocode,1
Public,1
Purpose,1
Push,1
Putting,1
PyTorch,1
Qsparse,1
Quality,1
Quantifying,1
Quantize,1
Quaternion,1
Query,1
Querying,1
Quest,1
Question,1
R2D2,1
REM,1
REPL,1
RL,1
RPN,1
RSN,1
RUBi,1
RUDDER,1
Rademacher,1
Randomly,1
Rationalization,1
Reaching,1
Reality,1
Recapitulates,1
Recommender,1
Recomputation,1
Reconstructing,1
Recordings,1
Recover,1
Recovering,1
Recurrence,1
Redrawing,1
Reduces,1
Redundancy,1
Reference,1
Refined,1
Reflection,1
Regimes,1
Reinforced,1
Rejection,1
Relating,1
Relative,1
Release,1
Rematerialization,1
Removal,1
Renderer,1
Rendering,1
Reparameterization,1
Repeatable,1
Representative,1
Reproducible,1
Resampling,1
Rescaled,1
Research,1
Restless,1
Restricted,1
Restrictions,1
Results,1
Resynthesis,1
Retention,1
Retrosynthesis,1
Reversible,1
Revisiting,1
Rewriting,1
Ribbon,1
Ridesourcing,1
Ridge,1
Ring,1
Robots,1
Round,1
Run,1
Runge,1
SARSA,1
SAT,1
SCAN,1
SGLD,1
SIC,1
SLOPE,1
SMILe,1
SPD,1
SPoC,1
SSRGD,1
STAR,1
STREETS,1
Saccader,1
Safety,1
Sampler,1
Satisfiability,1
Saturation,1
Savings,1
Scanning,1
Schedule,1
Scheme,1
Scoring,1
Screen,1
Screening,1
Secretary,1
Secure,1
Seed,1
Seeing,1
Segmented,1
Seller,1
Sensing,1
Sensorimotor,1
Separable,1
Separated,1
Separating,1
Shadowing,1
Shaped,1
Shaping,1
Sharp,1
Sharpness,1
Shifted,1
Shortcut,1
Shortest,1
Shrinkage,1
Shuffle,1
Side,1
Signature,1
Signs,1
Sim2real,1
Simplex,1
Simplicity,1
Simulator,1
Sinc,1
Singleshot,1
Sinusoid,1
Sixteen,1
Sketch,1
Sketches,1
Skills,1
Sleep,1
Small,1
Smaller,1
Sobolev,1
Software,1
Solvable,1
Solvers,1
Sorting,1
Sparsely,1
Spatially,1
Specialists,1
Specification,1
Specified,1
Spectrum,1
Spherical,1
SpiderBoost,1
Splice,1
Split,1
Sporadically,1
Spurious,1
Stabilizing,1
Stacked,1
Stagewise,1
Staging,1
Stand,1
Standard,1
Static,1
Statistics,1
Staying,1
Steepest,1
Steerable,1
Stickier,1
Stop,1
Straight,1
Strategically,1
Strategizing,1
Strength,1
Strike,1
Strong,1
Stronger,1
Strongly,1
Sub,1
Subdivision,1
Subgoal,1
Submodular,1
Submodularity,1
Subquadratic,1
Super,1
SuperGLUE,1
Supermask,1
Superposition,1
Superset,1
Support,1
Surfing,1
Surprisingly,1
Surround,1
Swarms,1
SySCD,1
Symplectic,1
Synapse,1
Synchronisation,1
Synchronization,1
Synthesizable,1
Synthetic,1
TAB,1
TAPE,1
TD,1
Tables,1
Tags,1
Target,1
Taskonomy,1
Technique,1
Tempered,1
Templates,1
Tensorized,1
Tessellation,1
Thermodynamic,1
Thinning,1
Third,1
Three,1
Thresholding,1
Thrifty,1
Tiered,1
Ties,1
Tighter,1
Tightness,1
Tiling,1
Top,1
Total,1
Trading,1
Traffic,1
Trajectories,1
Transformable,1
Transforming,1
Transfusion,1
Treatment,1
Triad,1
Triangular,1
Triangulation,1
Tricks,1
Triggered,1
Trimmed,1
Trivializations,1
Truncated,1
Trusted,1
Truth,1
Tucker,1
Tuning,1
Turbo,1
Turning,1
Turns,1
Twin,1
U,1
Ultra,1
Ultrametric,1
Ultrasonic,1
Un,1
Unadjusted,1
Unaware,1
Unconditional,1
Uncountable,1
Uncoupled,1
Unexplored,1
Unforgetting,1
UniXGrad,1
Unimodal,1
Union,1
Unitary,1
Univariate,1
Universally,1
Unlocking,1
Unobserved,1
Unpolarized,1
Unrestricted,1
Untangling,1
Untrained,1
Useful,1
Utilities,1
VIREL,1
VQ,1
Validation,1
Valleys,1
Valued,1
Variants,1
Vec,1
Vectorial,1
Vectorization,1
Verified,1
Vesicle,1
ViLBERT,1
Viewpoint,1
Vine,1
Violation,1
Visiolinguistic,1
Visualization,1
Volumetric,1
Voting,1
Vulnerability,1
Wake,1
Warping,1
Watershed,1
Waveform,1
Wavelet,1
Weak,1
Weakly,1
Weakness,1
Webly,1
WeightNorm,1
Weisfeiler,1
Wirings,1
Within,1
Working,1
Write,1
X,1
XAUC,1
XLNet,1
XNAS,1
XNOR,1
ZO,1
Zeroth,1
accounting,1
adapted,1
always,1
among,1
amount,1
architectural,1
arg,1
arrow,1
art,1
aspect,1
audit,1
avoid,1
avoiding,1
behavioral,1
behavioural,1
benefits,1
boost,1
calibrated,1
call,1
central,1
cheaper,1
closing,1
cognitive,1
comodulation,1
concordant,1
conservative,1
controlled,1
conversion,1
decline,1
decodable,1
delegability,1
dendritic,1
denoisers,1
deployment,1
determinantal,1
discarding,1
eYe,1
electrically,1
elementary,1
elimination,1
engineering,1
entorhinal,1
entropic,1
era,1
even,1
evoked,1
evolution,1
examination,1
expander,1
explain,1
expressivity,1
extra,1
formation,1
generalizing,1
grown,1
handful,1
hippocampal,1
hyperconditioned,1
iSplit,1
ignorable,1
individuality,1
insecurities,1
integration,1
intentioned,1
isomorphism,1
issues,1
knockoff,1
lingual,1
link,1
manipulated,1
marker,1
matrices,1
may,1
memorization,1
memorizers,1
metastable,1
muSSP,1
multitask,1
negatively,1
neuroscience,1
nnRNN,1
normal,1
nulls,1
occurrences,1
offs,1
optimisation,1
optimising,1
organized,1
oriented,1
origin,1
overparameterization,1
p,1
packing,1
padding,1
parametrization,1
past,1
penalized,1
persistence,1
pervasive,1
pixels,1
positively,1
postdiction,1
potentially,1
practice,1
predictors,1
preprocessing,1
processing,1
programmable,1
pull,1
pushing,1
randomization,1
raw,1
reason,1
regularize,1
relevant,1
rescue,1
respect,1
retinal,1
rotation,1
s,1
second,1
sectional,1
seeded,1
sensory,1
sentiment,1
setup,1
signals,1
singular,1
sized,1
slow,1
spanning,1
spatiotemporal,1
stumps,1
subsample,1
summaries,1
supervisedly,1
take,1
targeted,1
teacher,1
temperature,1
term,1
theorem,1
ticket,1
tilde,1
timing,1
tolerant,1
transient,1
transporting,1
unable,1
unbiased,1
unbounded,1
unfolded,1
v,1
vGraph,1
voltage,1
width,1
win,1
λ,1
