word,count
image,1256
network,812
model,649
data,507
learning,487
deep,426
feature,418
dataset,363
proposed,355
result,354
detection,345
performance,328
propose,308
paper,301
object,294
neural,283
video,270
training,266
neural network,264
show,255
system,217
segmentation,207
work,207
different,204
face,203
domain,202
state-of-the-art,202
ha,199
datasets,195
classification,192
used,192
convolutional,190
accuracy,189
vehicle,183
also,180
3d,179
recognition,178
scene,178
challenge,177
algorithm,175
representation,174
present,164
architecture,161
camera,161
use,159
first,152
semantic,151
experiment,148
framework,148
demonstrate,147
human,147
visual,142
adversarial,137
application,137
pose,137
prediction,135
deep learning,133
trained,124
estimation,123
vision,123
input,122
loss,121
cnn,120
convolutional neural,119
label,116
large,116
however,113
technique,113
existing,112
real,111
tracking,111
attention,109
benchmark,107
point,106
quality,106
time,106
well,106
depth,104
challenging,103
compression,100
map,99
multiple,98
experimental,97
improve,97
better,94
number,92
computer,90
experimental result,90
paper propose,87
study,87
compared,85
facial,85
learn,82
recent,82
sample,82
field,81
object detection,81
computer vision,80
space,80
person,79
robust,79
source,78
many,77
proposed method,77
deep neural,76
module,76
output,76
available,75
pixel,75
re-identification,75
resolution,75
temporal,75
color,74
due,74
super-resolution,74
term,74
parameter,73
three,73
's,72
efficient,72
provide,72
semantic segmentation,72
function,71
noise,71
strategy,71
action,70
environment,70
generate,70
introduce,69
sensor,69
attack,68
learned,68
shape,68
type,68
generative,67
important,67
make,67
region,67
track,67
motion,66
spatial,66
train,66
achieve,65
achieves,65
machine,65
process,65
component,64
denoising,64
knowledge,64
research,64
solution,64
synthetic,64
end-to-end,63
residual,63
design,62
detector,62
recently,62
significantly,62
annotation,61
evaluate,61
imagery,61
real-world,61
reconstruction,61
structure,61
supervised,61
change,60
uncertainty,60
adaptation,59
distance,59
focus,59
road,59
small,59
across,58
autonomous,58
face recognition,58
image compression,58
several,58
traffic,58
various,58
baseline,57
fusion,57
improvement,57
ai,56
dynamic,56
distribution,55
metric,55
outperforms,55
scale,55
transfer,55
dense,54
effectiveness,54
localization,54
need,54
anomaly,53
joint,53
significant,53
simple,53
addition,52
effective,52
perform,52
robustness,52
training data,52
paper present,51
second,51
still,51
current,50
local,50
order,50
produce,50
rgb,50
scenario,50
extract,49
large-scale,49
previous,49
processing,49
real-time,49
result show,49
shown,49
test,49
cnns,48
estimate,48
finally,48
global,48
including,48
provides,48
sequence,48
able,47
error,47
generated,47
individual,47
often,47
achieved,46
block,46
city,46
example,46
given,46
pedestrian,46
size,46
skeleton,46
ability,45
classifier,45
driving,45
especially,45
fashion,45
future,45
propose novel,45
rate,45
similarity,45
attribute,44
cloud,44
condition,44
cost,44
database,44
flow,44
mask,44
trajectory,44
unsupervised,44
user,44
address,43
even,43
generative adversarial,43
instance,43
multi-scale,43
obtain,43
pair,43
appearance,42
decision,42
domain adaptation,42
furthermore,42
improved,42
labeled,42
machine learning,42
natural,42
network architecture,42
plant,42
point cloud,42
pose estimation,42
similar,42
state-of-the-art method,42
traditional,42
adversarial network,41
applied,41
case,41
gan,41
identification,41
obtained,41
score,41
surface,41
us,41
allows,40
best,40
common,40
complex,40
evaluated,40
fully,40
hierarchical,40
interest,40
mapping,40
original,40
standard,40
background,39
benefit,39
extensive,39
extraction,39
stage,39
world,39
amount,38
behavior,38
computational,38
content,38
convolution,38
device,38
e.g.,38
fast,38
graph,38
image denoising,38
lane,38
matching,38
mechanism,38
satellite,38
specifically,38
thus,38
augmentation,37
channel,37
consists,37
corresponding,37
manipulation,37
memory,37
reduce,37
semi-supervised,37
speed,37
vehicle re-identification,37
2d,36
advantage,36
aerial,36
designed,36
factor,36
help,36
light,36
loss function,36
re-id,36
regression,36
take,36
tool,36
among,35
annotated,35
area,35
cell,35
difference,35
difficult,35
enhancement,35
find,35
generation,35
improves,35
increase,35
key,35
le,35
pattern,35
power,35
restoration,35
specific,35
step,35
within,35
detect,34
ensemble,34
expression,34
highly,34
input image,34
limited,34
measure,34
modality,34
modeling,34
particular,34
patch,34
require,34
way,34
biometric,33
building,33
captured,33
detail,33
discriminative,33
geometric,33
issue,33
leverage,33
optical,33
optimization,33
pipeline,33
proposed approach,33
year,33
additional,32
advance,32
aim,32
exploit,32
final,32
high-resolution,32
image classification,32
mean,32
search,32
setting,32
show proposed,32
solve,32
value,32
ai city,31
apply,31
capability,31
combination,31
computation,31
edge,31
effect,31
introduced,31
made,31
realistic,31
retrieval,31
state,31
u,31
code,30
comparison,30
context,30
contribution,30
develop,30
form,30
ground,30
higher,30
may,30
multi-task,30
predict,30
property,30
sensing,30
wa,30
work propose,30
yield,30
automatic,29
bias,29
combine,29
correlation,29
could,29
deep convolutional,29
development,29
effectively,29
generalization,29
increasing,29
latent,29
leaf,29
like,29
provided,29
team,29
action recognition,28
adaptive,28
box,28
category,28
city challenge,28
collected,28
cue,28
deep network,28
detecting,28
directly,28
gap,28
image super-resolution,28
investigate,28
learns,28
noisy,28
occlusion,28
scheme,28
since,28
style,28
template,28
widely,28
anomaly detection,27
autonomous driving,27
blockchain,27
called,27
compare,27
contrast,27
dehazing,27
developed,27
essential,27
experiment show,27
face image,27
guided,27
human pose,27
imaging,27
indoor,27
learning model,27
mobile,27
public,27
stream,27
variation,27
activity,26
alignment,26
along,26
average,26
combining,26
complexity,26
crop,26
crucial,26
diverse,26
good,26
jointly,26
making,26
match,26
multi-camera,26
optical flow,26
publicly,26
related,26
thermal,26
transfer learning,26
unlabeled,26
additionally,25
child,25
competition,25
convolutional network,25
faster,25
handle,25
interpretation,25
lead,25
main,25
moreover,25
network cnn,25
performed,25
potential,25
procedure,25
promising,25
refinement,25
requires,25
rich,25
yet,25
branch,24
build,24
characteristic,24
coding,24
decoder,24
demonstrated,24
despite,24
digital,24
efficiency,24
explore,24
generating,24
idea,24
illumination,24
location,24
manner,24
overall,24
person re-identification,24
platform,24
popular,24
privacy,24
publicly available,24
respectively,24
role,24
satellite imagery,24
scene understanding,24
stereo,24
target domain,24
texture,24
therefore,24
u-net,24
variety,24
automated,23
comparable,23
competitive,23
encoder-decoder,23
existing method,23
extracted,23
filter,23
full,23
gradient,23
identify,23
image quality,23
iris,23
kernel,23
lidar,23
low-level,23
multimodal,23
network cnns,23
ntire,23
objective,23
player,23
quantitative,23
r-cnn,23
random,23
real world,23
removal,23
robot,23
shared,23
synthesis,23
translation,23
weighted,23
wide,23
another,22
considered,22
constraint,22
conventional,22
deep feature,22
embedded,22
embedding,22
feature representation,22
four,22
game,22
gans,22
insight,22
instead,22
known,22
model trained,22
moving,22
perspective,22
remains,22
rgb image,22
spectral,22
sport,22
supervision,22
transformation,22
truth,22
typically,22
usually,22
widely used,22
--,21
analyze,21
autoencoder,21
dnns,21
e.g,21
feature map,21
fingerprint,21
gender,21
ground truth,21
i.e,21
identity,21
intelligent,21
interpretability,21
labeling,21
much,21
precision,21
presented,21
proposal,21
reinforcement,21
relation,21
selection,21
split,21
total,21
3d object,20
although,20
art,20
become,20
boundary,20
bounding,20
bounding box,20
capture,20
combined,20
conditional,20
consistent,20
demonstrate effectiveness,20
description,20
efficiently,20
effort,20
embeddings,20
enables,20
extensive experiment,20
facial expression,20
feedback,20
following,20
generator,20
identifying,20
includes,20
learning method,20
optimal,20
people,20
possible,20
practical,20
preserving,20
proposes,20
psnr,20
real image,20
recent advance,20
reinforcement learning,20
relevant,20
rely,20
required,20
researcher,20
resulting,20
sampling,20
simulation,20
simultaneously,20
spatio-temporal,20
state-of-the-art performance,20
superior,20
support,20
tackle,20
technology,20
underwater,20
utilizing,20
vector,20
verification,20
achieving,19
adversarial attack,19
artifact,19
aspect,19
automatically,19
binary,19
car,19
control,19
created,19
data augmentation,19
data set,19
direct,19
dnn,19
doe,19
encoder,19
enhance,19
event-based,19
high-level,19
i.e.,19
instance segmentation,19
kitti,19
landmark,19
leveraging,19
long,19
lower,19
melanoma,19
monocular,19
multi-modal,19
namely,19
object detector,19
operation,19
orientation,19
participant,19
performs,19
recurrent,19
reducing,19
reid,19
relative,19
remote,19
represent,19
rgb-d,19
security,19
signal,19
success,19
testing,19
useful,19
accurately,18
assessment,18
better performance,18
classification accuracy,18
collection,18
complementary,18
concept,18
confidence,18
contains,18
create,18
cvpr,18
densenet,18
depth estimation,18
describe,18
easily,18
effectiveness proposed,18
either,18
fully convolutional,18
haze,18
implemented,18
observation,18
online,18
outperform,18
phase,18
phenotyping,18
place,18
predicted,18
proposed network,18
purpose,18
raw,18
report,18
response,18
result demonstrate,18
rotation,18
skin,18
sparse,18
sr,18
synthetic data,18
tested,18
validation,18
visible,18
weakly,18
associated,17
attention mechanism,17
capable,17
compact,17
computed,17
containing,17
continuous,17
deblurring,17
distortion,17
early,17
element,17
enhanced,17
entropy,17
etc,17
expensive,17
extended,17
false,17
generalize,17
great,17
hence,17
include,17
interaction,17
lack,17
last,17
learning approach,17
lighting,17
limitation,17
monitoring,17
negative,17
optimized,17
performing,17
play,17
predictive,17
providing,17
quantization,17
remote sensing,17
requirement,17
segment,17
subset,17
surveillance,17
together,17
underwater image,17
vehicle tracking,17
viewpoint,17
would,17
allow,16
around,16
audio,16
consider,16
degradation,16
direction,16
disease,16
disparity,16
diversity,16
employed,16
extend,16
far,16
feature space,16
found,16
give,16
goal,16
ii,16
inspired,16
learning-based,16
lesion,16
matrix,16
movement,16
natural image,16
navigation,16
outdoor,16
overcome,16
overhead,16
perturbation,16
post-processing,16
preserve,16
probabilistic,16
proposed framework,16
quantitatively,16
rain,16
ratio,16
reliable,16
resource,16
run,16
saliency,16
self-supervised,16
showing,16
solving,16
subject,16
uavs,16
variational,16
varying,16
weakly supervised,16
3d reconstruction,15
addressed,15
anti-spoofing,15
becomes,15
benchmark datasets,15
city-scale,15
classical,15
connection,15
critical,15
descriptor,15
disaster,15
exhibit,15
explanation,15
finding,15
frequency,15
hardware,15
high-quality,15
huge,15
image segmentation,15
implementation,15
intermediate,15
interpretable,15
ir,15
iterative,15
language,15
length,15
measurement,15
medium,15
memorability,15
multi-task learning,15
nature,15
necessary,15
ntire challenge,15
nvidia,15
observed,15
offer,15
plane,15
pointnet,15
pooling,15
progress,15
reduces,15
relationship,15
segmentation network,15
side,15
sign,15
state art,15
strong,15
suitable,15
supervised learning,15
uav,15
unique,15
unknown,15
unseen,15
urban,15
utilized,15
whole,15
access,14
acquisition,14
address problem,14
authentication,14
benchmark dataset,14
besides,14
camera pose,14
cluster,14
cnn-based,14
commonly,14
community,14
compute,14
conducted,14
coordinate,14
current state-of-the-art,14
detection method,14
diagnosis,14
discriminator,14
drop,14
emotion,14
empirically,14
extension,14
extracting,14
fundamental,14
general,14
geometry,14
image data,14
image dehazing,14
image restoration,14
importance,14
indicate,14
infer,14
influence,14
integrated,14
lane change,14
large scale,14
mainly,14
maintaining,14
network trained,14
paper proposes,14
past,14
perception,14
policy,14
previously,14
probability,14
qualitative,14
rail,14
reconstruct,14
reference,14
relatively,14
shift,14
show method,14
smaller,14
sound,14
specie,14
storage,14
subjective,14
though,14
top,14
transform,14
unlike,14
version,14
visual feature,14
active,13
adapting,13
applying,13
biometrics,13
bit,13
boost,13
candidate,13
cnn architecture,13
codec,13
composition,13
comprehensive,13
connected,13
conversion,13
count,13
dataset show,13
decrease,13
defined,13
demonstrate proposed,13
detected,13
difficulty,13
done,13
dvs,13
efficacy,13
employ,13
enable,13
enhancing,13
exploiting,13
facial landmark,13
focused,13
fuse,13
generally,13
generates,13
hybrid,13
image processing,13
implement,13
input data,13
kind,13
labeled data,13
large number,13
learning technique,13
light field,13
live,13
low-resolution,13
lstm,13
major,13
margin,13
mask r-cnn,13
ms-ssim,13
multi-camera vehicle,13
open,13
pad,13
partial,13
patient,13
per,13
perceptual,13
photo,13
positive,13
precise,13
question,13
randomization,13
recognition system,13
reconstructed,13
recorded,13
reduction,13
redundancy,13
studied,13
third,13
trainable,13
training deep,13
utilize,13
work present,13
3d model,12
activation,12
aerial vehicle,12
agent,12
allows u,12
attack detection,12
bpg,12
choice,12
clean,12
cnn model,12
comparing,12
compressed,12
consistency,12
consumer,12
consumption,12
deception,12
deeper,12
deployment,12
depth image,12
distinct,12
energy,12
existing approach,12
experimentally,12
fewer,12
filtering,12
fine-grained,12
fixed,12
forensics,12
forgery,12
gesture,12
grid,12
growing,12
hash,12
hashing,12
highest,12
hyperspectral,12
image enhancement,12
improve accuracy,12
infant,12
infrared,12
linear,12
literature,12
mesh,12
method achieves,12
modified,12
multispectral,12
network model,12
non-local,12
observe,12
overfitting,12
pedestrian detection,12
pixel-wise,12
position,12
prior knowledge,12
private,12
projection,12
propose use,12
proposed model,12
pyramid,12
query,12
rather,12
reason,12
recent work,12
recent year,12
recover,12
reduced,12
regularization,12
selected,12
show approach,12
signature,12
simulated,12
state-of-the-art result,12
statistical,12
successful,12
suffer,12
tracker,12
training set,12
trust,12
upon,12
variant,12
video super-resolution,12
vision application,12
visualization,12
volume,12
voxel,12
water,12
wavelet,12
whether,12
account,11
achieves state-of-the-art,11
acquire,11
adapt,11
adapted,11
adopted,11
adversarial training,11
allowing,11
association,11
attribution,11
autonomous vehicle,11
availability,11
caused,11
challenging due,11
challenging problem,11
coarse,11
collecting,11
computing,11
conduct,11
contain,11
country,11
deep reinforcement,11
detection performance,11
determine,11
developing,11
discus,11
distillation,11
empirical,11
estimating,11
evidence,11
explainable,11
explicitly,11
face anti-spoofing,11
facilitate,11
firstly,11
formulation,11
generalized,11
guarantee,11
hand,11
handling,11
high resolution,11
highlight,11
human action,11
image feature,11
image-to-image,11
imagenet,11
independent,11
integrating,11
integration,11
investigated,11
learning algorithm,11
manually,11
measuring,11
metric learning,11
microscopy,11
modern,11
modification,11
mutual,11
near,11
novel approach,11
nvidia ai,11
operator,11
outperforms existing,11
performance state-of-the-art,11
physical,11
powerful,11
pre-trained,11
preliminary,11
presence,11
presentation,11
presentation attack,11
recovery,11
representative,11
respect,11
salient,11
sar,11
semi-supervised learning,11
series,11
shadow,11
skeleton extraction,11
skin lesion,11
slam,11
soccer,11
social,11
softmax,11
start,11
statistic,11
strongly,11
successfully,11
suggest,11
survey,11
tackle problem,11
taking,11
tampered,11
temporal information,11
thermal image,11
trade-off,11
trained model,11
transportation,11
typical,11
underlying,11
unsupervised domain,11
usage,11
weather,11
working,11
zero-shot,11
aesthetic,10
age,10
aggregation,10
attention network,10
attention-based,10
avoid,10
basis,10
beauty,10
berry,10
best knowledge,10
calibration,10
capacity,10
cause,10
competitive performance,10
complete,10
complicated,10
conditional generative,10
correspondence,10
cycle,10
damage,10
deal,10
deception detection,10
deepfake,10
demand,10
densely,10
dependency,10
derive,10
differ,10
ensure,10
epipolar,10
even though,10
extra,10
extreme,10
facial attribute,10
feature extracted,10
forest,10
gaussian,10
geometric shape,10
get,10
haze-free,10
hazy,10
image dataset,10
image pair,10
image paper,10
image-based,10
impact,10
incorporate,10
index,10
intelligence,10
interesting,10
introducing,10
investigation,10
item,10
journal,10
large amount,10
learned image,10
learning architecture,10
limit,10
manifold,10
manual,10
material,10
meaningful,10
medical,10
method outperforms,10
missing,10
model size,10
multi-level,10
multi-view,10
named,10
next,10
normal,10
original image,10
overlapping,10
person re-id,10
pixel-level,10
poor,10
potentially,10
predicts,10
present novel,10
published,10
qualitatively,10
ranging,10
rank,10
recognition accuracy,10
recognizing,10
regarding,10
requiring,10
result compared,10
root,10
safety,10
seen,10
segmentation model,10
semantically,10
short,10
siamese,10
solve problem,10
spectrum,10
structured,10
synthesized,10
take advantage,10
thickness,10
topic,10
transmission,10
tree,10
unconstrained,10
unit,10
validate,10
variance,10
vehicle re-id,10
video restoration,10
visually,10
white,10
3d pose,9
according,9
adding,9
adopt,9
adversarial example,9
adversarial learning,9
aerial image,9
also demonstrate,9
alternative,9
arctic,9
assumption,9
augmented,9
b,9
backbone,9
bayesian,9
beyond,9
biometric template,9
capturing,9
channel attention,9
character,9
classification performance,9
clustering,9
coarse-to-fine,9
coherence,9
colorization,9
compared existing,9
compared state-of-the-art,9
computationally,9
controller,9
convolutional model,9
correct,9
correlated,9
covariance,9
creating,9
criterion,9
damaged,9
data paper,9
datasets demonstrate,9
deep model,9
demo,9
demonstrates,9
demonstration,9
dependent,9
desired,9
detailed,9
diagnostic,9
distinguish,9
domain shift,9
editing,9
eer,9
encrypted,9
engagement,9
entire,9
estimated,9
estimator,9
experiment conducted,9
explainability,9
fake,9
formulate,9
fused,9
gain,9
gender classification,9
generalization ability,9
generative model,9
golf,9
golf swing,9
graphical,9
guide,9
ha shown,9
heavy,9
heterogeneous,9
high-resolution image,9
human activity,9
illustrate,9
image manipulation,9
image proposed,9
image-to-image translation,9
incorporating,9
increased,9
increasingly,9
indoor scene,9
integrate,9
inverse,9
label noise,9
largely,9
larger,9
largest,9
leading,9
leaf segmentation,9
learning strategy,9
lighting condition,9
link,9
little,9
localize,9
manipulated,9
maximum,9
method image,9
method paper,9
minimal,9
multi-channel,9
multi-label,9
network ensemble,9
novel method,9
others,9
paired,9
palmprint,9
paper introduce,9
particularly,9
previous method,9
primary,9
product,9
promising result,9
propose end-to-end,9
propose method,9
proposed solution,9
proposed system,9
protocol,9
prove,9
re-identification re-id,9
reach,9
real data,9
received,9
relies,9
rendering,9
reported,9
resnet,9
rule,9
segmenting,9
sensitive,9
separate,9
show effectiveness,9
skelneton,9
soft,9
software,9
source domain,9
ssim,9
stacked,9
star,9
state-of-the-art approach,9
structural,9
subsequently,9
sucking,9
sufficient,9
superior performance,9
superiority,9
swing,9
synthetic image,9
temporal pattern,9
terrain,9
textured,9
traffic anomaly,9
train model,9
understand,9
unmanned,9
unmanned aerial,9
unpaired,9
valid,9
video description,9
vision-based,9
whereas,9
wide range,9
work focus,9
workshop,9
2d image,8
3d convolutional,8
3d face,8
3d human,8
6d-vnet,8
acquired,8
across multiple,8
add,8
addressing,8
advancement,8
adversarial perturbation,8
also show,8
analyzing,8
answer,8
appearance feature,8
argue,8
attempt,8
attention model,8
attention module,8
automation,8
averaging,8
believe,8
black,8
cancer,8
cell image,8
change detection,8
chosen,8
classify,8
clinical,8
close,8
coder,8
cohort,8
collect,8
come,8
commonly used,8
compensation,8
composed,8
configuration,8
confirm,8
considerable,8
consisting,8
constrained,8
construct,8
contribute,8
converted,8
convolutional layer,8
data association,8
data show,8
dataset demonstrate,8
dataset semantic,8
deep-learning,8
dehazed,8
dehazed image,8
derived,8
detects,8
differentiable,8
digit,8
discrimination,8
dribbling,8
efficient deep,8
ego-motion,8
evaluate approach,8
evaluate performance,8
evaluating,8
every,8
expert,8
explain,8
exploited,8
feature fusion,8
fine,8
fine-tuned,8
fine-tuning,8
fit,8
five,8
flexible,8
focusing,8
fusing,8
fusion strategy,8
generated image,8
gray,8
greater,8
ha become,8
handcrafted,8
hard,8
head,8
heavily,8
high accuracy,8
however existing,8
illumination-free,8
image datasets,8
image retrieval,8
image sequence,8
impressive,8
improve performance,8
informative,8
injury,8
intensity,8
internal,8
interpreting,8
invariant,8
lane extraction,8
latency,8
latent space,8
learning framework,8
lightweight,8
lodging,8
malware,8
many application,8
method result,8
mixture,8
mobile device,8
model achieves,8
modelling,8
motivated,8
moving object,8
multi-camera tracking,8
network gan,8
network image,8
node,8
nonlinear,8
normalization,8
opportunity,8
organ,8
outfit,8
patch-based,8
photograph,8
plant phenotyping,8
poisson,8
portion,8
practice,8
principle,8
problem computer,8
problem propose,8
profile,8
proposed algorithm,8
proposes novel,8
pseudo,8
pseudo-images,8
raw image,8
reasoning,8
recently proposed,8
red,8
region interest,8
remarkable,8
represented,8
representing,8
represents,8
residual learning,8
result indicate,8
review,8
road surface,8
robotics,8
roi,8
saliency map,8
sane,8
save,8
scaling,8
secondary,8
select,8
separately,8
separation,8
siamese network,8
significantly improves,8
site,8
smart,8
sophisticated,8
student,8
style transfer,8
submission,8
taken,8
tradeoff,8
training image,8
traveled,8
traveled distance,8
trend,8
uncertain,8
uniform,8
vertical,8
vision problem,8
vision sensor,8
weakly-supervised,8
well-known,8
wetland,8
whose,8
wild,8
zero-shot learning,8
3d point,7
activity recognition,7
adversarial robustness,7
affect,7
ai system,7
aimed,7
almost,7
aperture,7
approach outperforms,7
assume,7
atari,7
attentional,7
autoencoders,7
automotive,7
away,7
back,7
ball,7
band,7
base,7
beneficial,7
bit-rate,7
bitcoin,7
blind,7
blur,7
bridge,7
budget,7
built,7
camera model,7
cell-phone,7
challenge video,7
city-scale multi-camera,7
cityscape,7
clear,7
clic,7
cluttered,7
collaborative,7
color space,7
commercial,7
comparable result,7
comparative,7
compared previous,7
comparison state-of-the-art,7
compression method,7
computational complexity,7
computational cost,7
consecutive,7
construction,7
core,7
corrupted,7
cover,7
creation,7
custom,7
data-driven,7
dcnns,7
dedicated,7
deep cnn,7
deep face,7
demonstrate benefit,7
demonstrating,7
designing,7
det,7
detection algorithm,7
determining,7
different datasets,7
dilated,7
discriminate,7
discriminative feature,7
diving,7
dnn model,7
domain randomization,7
dtm,7
dynamic vision,7
employing,7
end-to-end trainable,7
entropy model,7
examine,7
excellent,7
explainable ai,7
expression recognition,7
extensively,7
external,7
f1,7
face verification,7
false positive,7
fashion outfit,7
feature learned,7
fed,7
few-shot,7
focus proposed,7
followed,7
follows,7
format,7
frame-based,7
generalize well,7
generalizes,7
graphical model,7
ground-truth,7
growth,7
health,7
heatmaps,7
hidden,7
high quality,7
hockey,7
horizontal,7
hr,7
iii,7
image approach,7
image generation,7
image label,7
image patch,7
image pixel,7
image set,7
included,7
independently,7
indicates,7
inference time,7
inferring,7
initial,7
inpainting,7
instrument,7
intrinsic,7
introduce novel,7
involved,7
involves,7
joint learning,7
knowledge first,7
landmark detection,7
latter,7
least,7
led,7
line,7
live demonstration,7
low power,7
low resolution,7
lr,7
make use,7
manhattan,7
manipulation detection,7
manual annotation,7
marking,7
maximize,7
meanwhile,7
metadata,7
method proposed,7
method use,7
micro-expressions,7
minimize,7
mining,7
mode,7
model outperforms,7
mse,7
multi-target,7
needed,7
network dnn,7
network gans,7
network learns,7
nns,7
novel deep,7
ntire2019,7
number parameter,7
object recognition,7
object shape,7
obstacle,7
organized,7
outperforms state-of-the-art,7
overlapping block,7
owing,7
pairwise,7
palmprint recognition,7
paradigm,7
past year,7
path,7
pca,7
penalty,7
performance compared,7
performance term,7
photo-realistic,7
previous state-of-the-art,7
previous work,7
processed,7
produced,7
producing,7
prone,7
propagation,7
raise,7
random forest,7
randomly,7
receptive,7
receptive field,7
recovering,7
recursive,7
refine,7
refined,7
reflectance,7
registered,7
registration,7
released,7
remove,7
restoration network,7
result ntire,7
reveal,7
rl,7
salient object,7
scan,7
secondly,7
see,7
semantic information,7
sense,7
shape understanding,7
sharing,7
showed,7
significant improvement,7
simulator,7
sisr,7
six,7
source target,7
spatially,7
speaker,7
spherical,7
state-of-the-arts,7
stop,7
strength,7
structural similarity,7
study propose,7
subsequent,7
subsurface,7
success deep,7
synthetic dataset,7
systematically,7
tampering,7
temporally,7
tensor,7
test time,7
theory,7
thoroughly,7
time-consuming,7
tracking method,7
transforms,7
treat,7
treatment,7
uncertainty estimation,7
unlabeled data,7
update,7
used generate,7
utilizes,7
validated,7
verify,7
video deblurring,7
video frame,7
virtual,7
vision system,7
visual attention,7
window,7
word,7
6dof,6
achieved state-of-the-art,6
achieves comparable,6
across different,6
activated,6
actor,6
adjust,6
adopts,6
adult,6
agnostic,6
aid,6
alleviate,6
always,6
analytics,6
angle,6
annotated image,6
anti-spoofing attack,6
applicability,6
approach achieves,6
approach show,6
approach us,6
architectural,6
archive,6
asynchronous,6
atari game,6
attentional pointnet,6
autoregressive,6
available dataset,6
axis,6
babyos,6
bad,6
basic,6
bayer,6
bean,6
becoming,6
black box,6
call,6
carried,6
casia-surf,6
categorical,6
center,6
central,6
challenge paper,6
challenge track,6
change behavior,6
changing,6
cifar-10,6
classification model,6
classification problem,6
classified,6
classifier trained,6
classifying,6
co-occurrence,6
coded,6
color image,6
compelling,6
completion,6
compression objective,6
conduct experiment,6
confidence prediction,6
conjunction,6
consequently,6
consideration,6
considering,6
consistently,6
contact,6
context-adaptive,6
contributes,6
controlled,6
convergence,6
correctly,6
correlate,6
counterpart,6
d-gate,6
daily,6
data also,6
data collection,6
data however,6
dataset bias,6
dataset consists,6
datasets show,6
decade,6
decomposition,6
deep residual,6
define,6
dense connection,6
dense haze,6
density,6
depends,6
deploy,6
deraining,6
describes,6
despite recent,6
detection accuracy,6
detection tracking,6
different type,6
dimension,6
dimensional,6
distancenet,6
doe require,6
drive,6
drowsiness,6
duration,6
earlier,6
effectiveness approach,6
effectiveness method,6
efficient network,6
emerged,6
enabling,6
encodes,6
encourages,6
enhances,6
enormous,6
eo,6
equal,6
establish,6
established,6
estimation tracking,6
evaluate method,6
experiment performed,6
extends,6
extremely,6
face alignment,6
fact,6
family,6
fashion image,6
feasibility,6
feature descriptor,6
fh,6
fh model,6
file,6
first stage,6
fixation,6
forward,6
frame-based camera,6
fundamental problem,6
fusion method,6
future research,6
genuine,6
geometrical,6
gps,6
gpu,6
granularity,6
great success,6
greatly,6
grounded,6
guiding,6
ha achieved,6
ha received,6
ha recently,6
ha widely,6
half,6
height,6
hierarchy,6
high-frequency,6
high-level feature,6
highly effective,6
holistic,6
human body,6
human supervision,6
hyperspectral data,6
ideal,6
image analysis,6
image captured,6
image database,6
image experiment,6
image operator,6
image synthesis,6
image video,6
image-level,6
imbalanced,6
improve result,6
improved performance,6
indicating,6
indoor outdoor,6
industrial,6
industry,6
inherent,6
initialization,6
inside,6
instability,6
instance-level,6
intelligent transportation,6
interest point,6
interpret,6
intersection,6
intra-class,6
introduces,6
iris presentation,6
keep,6
keypoint,6
know,6
knowledge distillation,6
l,6
landscape,6
landscape feature,6
large-scale datasets,6
latent representation,6
learning deep,6
learning network,6
life,6
likely,6
local feature,6
localizing,6
long-term,6
lost,6
low rank,6
management,6
marine,6
maritime,6
measured,6
method achieve,6
method evaluated,6
methodology,6
mitigate,6
mixed,6
mnist,6
model-based,6
modify,6
mostly,6
multi,6
multi-label image,6
multi-layer,6
multi-modal face,6
multi-object,6
multi-person,6
multi-scale information,6
multi-stream,6
multiple people,6
multispectral pedestrian,6
multiview,6
mutual information,6
name,6
native,6
network dnns,6
network structure,6
noisy image,6
noisy label,6
normalized,6
novel algorithm,6
object category,6
occluded,6
onto,6
operate,6
operating,6
optimize,6
optimizing,6
outcome,6
outdoor scene,6
paint,6
paper address,6
paper review,6
parallel,6
penguin,6
perceptual quality,6
performance existing,6
performance object,6
performance paper,6
performance proposed,6
plant specie,6
plume,6
poorly,6
population,6
possibility,6
power consumption,6
predictive uncertainty,6
present result,6
professional,6
profile face,6
propose deep,6
proven,6
proxemic,6
proxemic constraint,6
prt,6
pruning,6
publication,6
put,6
quality enhancement,6
quantify,6
quantized,6
ranking,6
rapidly,6
rare,6
re-id model,6
re-identification reid,6
reality,6
reasonable,6
recurrent convolutional,6
recurrent neural,6
redundant,6
registered participant,6
relational,6
remain,6
remains challenging,6
replace,6
residual network,6
resolution image,6
rgb depth,6
right,6
ro,6
satellite data,6
scarce,6
scene graph,6
scientific,6
second place,6
second stage,6
segmentation dataset,6
segmentation depth,6
segmentation mask,6
segmentation result,6
semantic scene,6
semantics,6
sentence,6
serve,6
service,6
show model,6
significantly improved,6
situation,6
slow,6
small number,6
small object,6
smear,6
solution result,6
space conversion,6
spatial resolution,6
spatial-temporal,6
speech,6
spherical image,6
splicing,6
star tracking,6
starting,6
state-of-the-art deep,6
state-of-the-art technique,6
static,6
stochastically,6
stochastically activated,6
straightforward,6
study show,6
sub-pixel,6
subjective evaluation,6
suited,6
super,6
supervised object,6
switch,6
synthetic datasets,6
tabular,6
tabular data,6
take input,6
target dataset,6
target game,6
teacher,6
ten,6
test data,6
test set,6
testing phase,6
threshold,6
tiny,6
trace,6
track track,6
training sample,6
training time,6
trait,6
transmission map,6
transparent,6
triplet,6
true,6
two-stage,6
two-stream,6
uncontrolled,6
updated,6
used image,6
used training,6
variability,6
vehicle uavs,6
video compression,6
video data,6
video sequence,6
viewing,6
visual localization,6
vslam/vo,6
vslam/vo method,6
vvc,6
want,6
web,6
weighting,6
wifi,6
witnessed,6
writer,6
wsod,6
xai,6
